"Df"	"SumOfSqs"	"R2"	"F"	"Pr(>F)"
"PHQ_Covid_Severity"	2	5141.66940742976	0.0290607535855953	1.3768056754056	0.021
"Residual"	92	171786.619540258	0.970939246414404	NA	NA
"Total"	94	176928.288947687	1	NA	NA
